disease,r2,mae,rmse,n_train,n_test
Covid-19,0.9973631645088786,0.042209719055873,0.1468544465598231,156,39
