disease,precision,recall,f1
Covid-19,1.0,0.6428571428571429,0.782608695652174
